RT (min),744,1018,1020,1022,1302
10.0000,199,215,212,209,187
10.1667,209,212,196,181,213
10.3333,182,197,208,185,200
10.5000,194,211,203,194,186
10.6667,172,206,192,198,234
10.8333,203,191,209,195,186
11.0000,223,197,194,211,201
11.1667,209,189,175,196,195
11.3333,199,183,170,211,208
11.5000,198,187,195,224,216
11.6667,224,190,200,187,182
11.8333,198,199,202,206,176
12.0000,219,207,174,220,209
12.1667,225,188,200,225,186
12.3333,187,206,193,193,211
12.5000,180,184,202,190,212
12.6667,186,176,175,217,213
12.8333,177,181,216,187,206
13.0000,180,216,214,212,192
13.1667,182,194,200,206,173
13.3333,219,205,170,198,191
13.5000,207,229,215,234,221
13.6667,216,190,207,182,205
13.8333,228,190,190,211,203
14.0000,171,210,199,229,212
14.1667,226,201,229,220,193
14.3333,187,193,195,193,197
14.5000,167,207,204,195,189
14.6667,209,221,203,194,189
14.8333,210,193,232,182,210
15.0000,210,200,193,209,191
15.1667,198,198,188,196,204
15.3333,202,199,209,204,215
15.5000,200,194,198,203,183
15.6667,214,195,211,196,201
15.8333,219,220,195,177,180
16.0000,200,196,190,196,177
16.1667,182,199,207,189,218
16.3333,196,193,200,178,201
16.5000,212,211,196,197,218
16.6667,210,202,196,231,200
16.8333,177,177,215,199,217
17.0000,204,215,193,199,208
17.1667,210,208,199,189,185
17.3333,249,219,182,204,193
17.5000,455,186,192,209,199
17.6667,1045,235,207,183,209
17.8333,1790,187,186,238,191
18.0000,2190,210,192,223,206
18.1667,1795,197,198,214,216
18.3333,1028,174,207,196,216
18.5000,479,186,207,215,206
18.6667,248,213,181,216,193
18.8333,209,218,191,202,205
19.0000,218,175,190,195,189
19.1667,195,188,169,221,195
19.3333,227,178,193,204,188
19.5000,180,185,215,193,191
19.6667,215,214,197,202,211
19.8333,180,188,222,206,186
20.0000,202,203,200,188,190
20.1667,205,218,204,191,208
20.3333,224,199,213,214,181
20.5000,195,213,221,206,204
20.6667,176,187,181,217,204
20.8333,196,204,196,166,228
21.0000,209,223,232,181,201
21.1667,176,219,225,196,200
21.3333,213,202,197,193,207
21.5000,181,202,212,194,201
21.6667,210,192,212,206,202
21.8333,208,175,196,218,193
22.0000,190,200,178,203,177
22.1667,220,223,232,217,194
22.3333,203,271,195,177,199
22.5000,175,549,169,212,187
22.6667,189,1221,194,205,195
22.8333,227,2185,224,221,210
23.0000,172,2691,196,194,219
23.1667,186,2214,196,203,201
23.3333,181,1223,187,192,195
23.5000,187,553,183,187,216
23.6667,200,299,207,190,191
23.8333,208,218,172,211,206
24.0000,206,186,190,192,202
24.1667,169,207,209,198,200
24.3333,212,195,184,193,213
24.5000,206,219,194,227,230
24.6667,183,201,204,224,194
24.8333,196,182,221,202,193
25.0000,214,194,211,181,221
25.1667,203,206,166,198,198
25.3333,179,165,185,220,205
25.5000,204,170,221,208,202
25.6667,207,208,178,186,215
25.8333,174,191,205,228,191
26.0000,193,175,218,209,188
26.1667,189,205,204,205,195
26.3333,177,211,221,202,219
26.5000,196,195,203,231,197
26.6667,199,221,215,220,191
26.8333,219,213,217,198,183
27.0000,178,189,218,203,226
27.1667,206,204,232,208,195
27.3333,202,205,288,194,200
27.5000,192,199,610,207,203
27.6667,223,202,1448,202,214
27.8333,218,220,2609,209,225
28.0000,204,189,3207,202,200
28.1667,225,187,2608,205,193
28.3333,191,207,1438,178,204
28.5000,191,180,630,210,216
28.6667,224,185,272,203,211
28.8333,200,184,226,213,203
29.0000,202,216,209,207,164
29.1667,188,209,177,216,217
29.3333,210,211,173,216,189
29.5000,198,225,225,214,188
29.6667,209,212,167,214,211
29.8333,212,231,210,193,214
30.0000,210,186,228,178,205
30.1667,210,193,187,175,196
30.3333,193,173,185,202,179
30.5000,195,209,200,198,226
30.6667,214,201,191,188,209
30.8333,207,200,227,231,196
31.0000,188,217,161,198,216
31.1667,214,223,179,165,229
31.3333,225,233,227,205,272
31.5000,224,195,186,195,431
31.6667,175,201,212,183,684
31.8333,192,200,200,162,967
32.0000,182,188,185,212,1112
32.1667,200,183,218,208,982
32.3333,199,205,204,315,680
32.5000,201,225,196,688,394
32.6667,210,208,192,1655,276
32.8333,206,202,197,2977,205
33.0000,192,192,205,3730,199
33.1667,182,203,195,3015,191
33.3333,185,208,210,1712,188
33.5000,197,208,188,927,225
33.6667,179,195,211,782,188
33.8333,179,232,193,1007,203
34.0000,186,209,201,1106,193
34.1667,167,211,192,998,209
34.3333,208,206,191,657,223
34.5000,191,209,208,397,206
34.6667,199,195,214,274,203
34.8333,220,189,188,240,191
35.0000,211,208,209,209,193
35.1667,214,201,198,196,173
35.3333,181,184,281,204,197
35.5000,222,203,403,205,201
35.6667,189,207,689,200,205
35.8333,196,187,993,200,195
36.0000,205,215,1091,231,184
36.1667,186,190,970,201,198
36.3333,190,185,672,216,176
36.5000,198,207,422,211,205
36.6667,204,215,270,200,216
36.8333,221,183,229,226,194
37.0000,207,184,201,191,192
37.1667,213,193,201,174,217
37.3333,188,285,195,178,309
37.5000,190,419,223,174,716
37.6667,195,703,195,210,1832
37.8333,178,985,200,187,3422
38.0000,186,1115,207,213,4195
38.1667,199,956,219,190,3400
38.3333,206,682,243,190,1859
38.5000,199,437,232,190,720
38.6667,200,302,192,195,313
38.8333,191,232,197,227,226
39.0000,217,172,208,194,185
39.1667,221,194,222,210,224
39.3333,272,217,187,188,193
39.5000,413,204,189,210,211
39.6667,695,194,185,209,192
39.8333,946,180,215,214,196
40.0000,1109,211,213,228,214
40.1667,985,205,202,184,178
40.3333,666,199,207,219,200
40.5000,405,196,206,223,195
40.6667,302,217,197,222,197
40.8333,233,203,206,213,203
41.0000,211,184,194,205,191
41.1667,208,217,210,202,201
41.3333,183,166,209,207,183
41.5000,222,188,195,201,201
41.6667,186,186,214,190,164
41.8333,204,203,217,223,223
42.0000,205,201,180,216,195
42.1667,199,219,185,181,218
42.3333,202,193,173,187,198
42.5000,204,181,196,210,209
42.6667,219,202,202,210,211
42.8333,161,187,203,172,212
43.0000,197,198,193,194,191
43.1667,226,209,210,227,214
43.3333,178,200,203,182,174
43.5000,184,213,186,193,162
43.6667,232,236,213,171,186
43.8333,193,179,214,221,177
44.0000,207,188,214,183,188
44.1667,183,189,213,170,183
44.3333,202,188,225,171,204
44.5000,209,204,176,210,199
44.6667,201,189,229,187,188
44.8333,202,212,193,168,215
45.0000,184,220,221,185,193
45.1667,204,214,199,189,178
45.3333,198,195,189,224,210
45.5000,176,182,211,181,221
45.6667,201,207,191,212,210
45.8333,195,207,191,207,220
46.0000,190,203,218,176,185
46.1667,190,219,225,215,200
46.3333,221,198,201,186,202
46.5000,205,193,211,207,203
46.6667,189,191,173,179,205
46.8333,199,198,198,222,216
47.0000,212,206,179,208,198
47.1667,199,199,179,196,170
47.3333,198,228,201,184,196
47.5000,201,189,188,220,209
47.6667,201,193,194,192,194
47.8333,199,203,196,177,170
48.0000,197,173,198,180,212
48.1667,188,200,223,183,223
48.3333,197,204,198,201,210
48.5000,205,199,218,207,199
48.6667,184,204,198,205,209
48.8333,225,210,178,189,199
49.0000,179,215,200,197,227
49.1667,207,222,218,215,210
49.3333,203,201,207,232,173
49.5000,197,210,211,212,197
49.6667,202,205,201,207,220
49.8333,218,198,205,205,202
50.0000,191,211,186,218,190
